Parcela,Lacre,Número,Latitude,Longitude,Nome de campo,Nome Científico,Família,Nome popular,Fotos,CAP (cm),Altura (m),DAP,RAIO,RAIO em metros,Área Basal,Data,Hora,GPS
P01,H3739044,1,"-12,0096914","-56,8938048",Marupá,Simarouba amara,Simaroubaceae,marupá,https://photos.app.goo.gl/tbB2BbFS1SMAwCNf8,60,"13,4","19,09859317","9,549296586","0,09549296586","0,02864788976",17/10/2025,09:53,431
P01,H3739044,1,"-12,0093426","-56,8938495",Marupá,Simarouba amara,Simaroubaceae,marupá,https://photos.app.goo.gl/tbB2BbFS1SMAwCNf8,104,20,"33,10422816","16,55211408","0,1655211408","0,08607099322",17/10/2025,08:37,431
P01,H3739050,2,"-12,0094899","-56,893815",Mandiocao,Didymopanax morototoni,Araliaceae,mandiocão,https://photos.app.goo.gl/8wRJ22gDavUgYdv96,61,"10,5","19,41690306","9,708451529","0,09708451529","0,02961077716",17/10/2025,08:47,432
P01,,3,"-12,0095051","-56,8936892",Goiabada,Myrcia eximia,Myrtaceae,goiabada,https://photos.app.goo.gl/HBgodFfuLwtRtcpa6,31,"9,5","9,867606472","4,933803236","0,04933803236","0,007647395016",17/10/2025,08:53,433
P01,,4,"-12,0095823","-56,893921",Mandiocao,Didymopanax morototoni,Araliaceae,mandiocão,https://photos.app.goo.gl/8wRJ22gDavUgYdv96,20,"9,3","6,366197724","3,183098862","0,03183098862","0,003183098862",17/10/2025,08:55,434
P01,H3739047,5,"-12,0094568","-56,893882",Embira-preta,Guatteria scytophylla,Annonaceae,embira-preta,https://photos.app.goo.gl/QNo8dCpxsiDu8Rpc7,19,,"6,047887837","3,023943919","0,03023943919","0,002872746723",17/10/2025,08:59,435
P01,,6,"-12,0094647","-56,893637",Marupá,Simarouba amara,Simaroubaceae,marupá,https://photos.app.goo.gl/tbB2BbFS1SMAwCNf8,47,"9,2","14,96056465","7,480282325","0,07480282325","0,01757866346",17/10/2025,09:06,436
P01,,7,"-12,0095031","-56,8937595",Embira-preta,Guatteria scytophylla,Annonaceae,embira-preta,https://photos.app.goo.gl/QNo8dCpxsiDu8Rpc7,17,"6,4","5,411268065","2,705634033","0,02705634033","0,002299788928",17/10/2025,09:07,437
P01,H3738157,8,"-12,0093786","-56,8941141",Pacová,Connarus angustifolius,Connaraceae,barbatimão-do-pará,https://photos.app.goo.gl/Hw52e1u1m6a8yZzc8,18,"9,7","5,729577951","2,864788976","0,02864788976","0,002578310078",17/10/2025,09:11,438
P01,H3738158,9,"-12,0094942","-56,8940856",Uxirana,Sacoglottis guianensis,Humiriaceae,uxirana,https://photos.app.goo.gl/DReUNN2ozm6Dx9KQ6,31,"10,5","9,867606472","4,933803236","0,04933803236","0,007647395016",17/10/2025,09:13,439
P01,H3738178,10,"-12,0095491","-56,8938791",Olho-de-bode,Ormosia paraensis,Fabaceae,olho-de-cabra,https://photos.app.goo.gl/iyeABZxrz1CDmhCA8,18,"7,3","5,729577951","2,864788976","0,02864788976","0,002578310078",17/10/2025,09:25,440
P01,,11,"-12,0093741","-56,8939326",Uxirana,Sacoglottis guianensis,Humiriaceae,uxirana,https://photos.app.goo.gl/DReUNN2ozm6Dx9KQ6,30,"9,7","9,549296586","4,774648293","0,04774648293","0,007161972439",17/10/2025,09:28,441
P01,H3738179,12,"-12,0092976","-56,8936367",Canelão,Ocotea cujumary,Lauraceae,canelão,https://photos.app.goo.gl/Cout2A6M3yU7zRju8,16,"5,8","5,092958179","2,546479089","0,02546479089","0,002037183272",17/10/2025,09:34,442
P01,,13,"-12,0092448","-56,8936358",Embira-preta,Guatteria scytophylla,Annonaceae,embira-preta,https://photos.app.goo.gl/QNo8dCpxsiDu8Rpc7,28,"11,3","8,912676813","4,456338407","0,04456338407","0,006238873769",17/10/2025,09:35,443
P01,,14,"-12,0090721","-56,8934893",Embira-preta,Guatteria scytophylla,Annonaceae,embira-preta,https://photos.app.goo.gl/QNo8dCpxsiDu8Rpc7,26,10,"8,276057041","4,13802852","0,0413802852","0,005379437077",17/10/2025,09:37,444
P01,,15,"-12,0094621","-56,893916",Embauba,Cecropia distachya,Urticaceae,embaúba,https://photos.app.goo.gl/Xx7tp2fyQUsUdfjPA,59,14,"18,78028328","9,390141642","0,09390141642","0,02770091785",17/10/2025,09:42,445
P01,,16,"-12,0095873","-56,893814",Canela-embira,Guatteria foliosa,Annonaceae,embira,https://photos.app.goo.gl/xxJgvotNotSDpjrW7,29,8,"9,230986699","4,61549335","0,0461549335","0,006692465357",17/10/2025,09:52,446
P01,H3738164,18,"-12,0091945","-56,893844",Lacre,Vismia schultesii,Hypericaceae,Lacre,https://photos.app.goo.gl/jooYCo7zmR6dCWj88,33,"8,9","10,50422624","5,252113122","0,05252113122","0,008665986651",17/10/2025,09:54,448
P01,,19,"-12,0093269","-56,8938434",Mandiocao,Didymopanax morototoni,Araliaceae,mandiocão,https://photos.app.goo.gl/8wRJ22gDavUgYdv96,68,"14,5","21,64507226","10,82253613","0,1082253613","0,03679662284",17/10/2025,09:57,449
P01,,20,"-12,0092665","-56,8940242",Mandiocao,Didymopanax morototoni,Araliaceae,mandiocão,https://photos.app.goo.gl/8wRJ22gDavUgYdv96,18,7,"5,729577951","2,864788976","0,02864788976","0,002578310078",17/10/2025,09:58,450
P01,,21,"-12,009476","-56,8935948",Canela-embira,Guatteria foliosa,Annonaceae,embira,https://photos.app.goo.gl/xxJgvotNotSDpjrW7,27,9,"8,594366927","4,297183463","0,04297183463","0,005801197676",17/10/2025,10:00,451
P01,,22,"-12,009475","-56,8937035",Mandiocao,Didymopanax morototoni,Araliaceae,mandiocão,https://photos.app.goo.gl/8wRJ22gDavUgYdv96,55,"14,5","17,50704374","8,75352187","0,0875352187","0,02407218514",17/10/2025,10:01,452
P01,,23,"-12,0094132","-56,8938228",Goiabada,Myrcia eximia,Myrtaceae,goiabada,https://photos.app.goo.gl/HBgodFfuLwtRtcpa6,32,"9,1","10,18591636","5,092958179","0,05092958179","0,008148733086",17/10/2025,10:04,453
P01,,23,"-12,0094132","-56,8938228",Goiabada,Myrcia eximia,Myrtaceae,goiabada,https://photos.app.goo.gl/HBgodFfuLwtRtcpa6,31,"8,8","9,867606472","4,933803236","0,04933803236","0,007647395016",17/10/2025,10:04,453
P01,,23,"-12,0094132","-56,8938228",Goiabada,Myrcia eximia,Myrtaceae,goiabada,https://photos.app.goo.gl/HBgodFfuLwtRtcpa6,34,"9,4","10,82253613","5,411268065","0,05411268065","0,009199155711",17/10/2025,10:04,453
P01,,23,"-12,0094132","-56,8938228",Goiabada,Myrcia eximia,Myrtaceae,goiabada,https://photos.app.goo.gl/HBgodFfuLwtRtcpa6,25,"7,7","7,957747155","3,978873577","0,03978873577","0,004973591972",17/10/2025,10:04,453
P01,,24,"-12,0094427","-56,8939881",Goiabada,Myrcia eximia,Myrtaceae,goiabada,https://photos.app.goo.gl/HBgodFfuLwtRtcpa6,30,"7,8","9,549296586","4,774648293","0,04774648293","0,007161972439",17/10/2025,10:05,454
P01,,24,"-12,0094427","-56,8939881",Goiabada,Myrcia eximia,Myrtaceae,goiabada,https://photos.app.goo.gl/HBgodFfuLwtRtcpa6,20,"9,3","6,366197724","3,183098862","0,03183098862","0,003183098862",17/10/2025,10:05,454
P01,,25,"-12,0097071","-56,8940099",Abiu-farinha,Ecclinusa ramiflora,Sapotaceae,"guaraitá, fruta-pão (MT)",https://photos.app.goo.gl/6RcfBfXsgeEiG3Q78,56,14,"17,82535363","8,912676813","0,08912676813","0,02495549508",17/10/2025,10:09,455
P01,,26,"-12,0093416","-56,893981",Castanha-de-cutia,Moquilea egleri,Chrysobalanaceae,caraipé,https://photos.app.goo.gl/mCSBRVXbSojm1qCL8,18,"7,7","5,729577951","2,864788976","0,02864788976","0,002578310078",17/10/2025,10:14,456
P01,,27,"-12,0094563","-56,8939973",biriba,Eschweilera parvifolia,Lecythidaceae,biriba,https://photos.app.goo.gl/dAwfQo78g5BU2NzE8,"20,2","8,3","6,429859701","3,21492985","0,0321492985","0,003247079149",17/10/2025,10:27,457
P01,H3738187,28,"-12,0093159","-56,8938252",Uxirana,Sacoglottis guianensis,Humiriaceae,uxirana,https://photos.app.goo.gl/DReUNN2ozm6Dx9KQ6,21,"8,5","6,68450761","3,342253805","0,03342253805","0,003509366495",17/10/2025,10:30,458
P01,H3738187,28,"-12,0093159","-56,8938252",Uxirana,Sacoglottis guianensis,Humiriaceae,uxirana,https://photos.app.goo.gl/DReUNN2ozm6Dx9KQ6,53,11,"16,87042397","8,435211984","0,08435211984","0,02235331176",17/10/2025,10:30,458
P01,H3738187,28,"-12,0093159","-56,8938252",Uxirana,Sacoglottis guianensis,Humiriaceae,uxirana,https://photos.app.goo.gl/DReUNN2ozm6Dx9KQ6,30,"9,3","9,549296586","4,774648293","0,04774648293","0,007161972439",17/10/2025,10:30,458
P01,,29,"-12,0093098","-56,8941968",Castanha-de-cutia,Moquilea egleri,Chrysobalanaceae,caraipé,https://photos.app.goo.gl/mCSBRVXbSojm1qCL8,21,8,"6,68450761","3,342253805","0,03342253805","0,003509366495",17/10/2025,10:34,459
P01,H3738189,30,"-12,0095583","-56,8938657",Tachi-branco,Tapirira guianensis,Anacardiaceae,"pau-pombo, tapirira",https://photos.app.goo.gl/nyGwy2kNY9qa2XiF8,56,"13,6","17,82535363","8,912676813","0,08912676813","0,02495549508",17/10/2025,11:10,460
P01,H3738189,30,"-12,0095583","-56,8938657",Tachi-branco,Tapirira guianensis,Anacardiaceae,"pau-pombo, tapirira",https://photos.app.goo.gl/nyGwy2kNY9qa2XiF8,40,"12,6","12,73239545","6,366197724","0,06366197724","0,01273239545",17/10/2025,11:10,460
P01,H3738189,30,"-12,0095583","-56,8938657",Tachi-branco,Tapirira guianensis,Anacardiaceae,"pau-pombo, tapirira",https://photos.app.goo.gl/nyGwy2kNY9qa2XiF8,71,"14,5","22,60000192","11,30000096","0,1130000096","0,04011500341",17/10/2025,11:10,460
P01,H3738189,30,"-12,0095583","-56,8938657",Tachi-branco,Tapirira guianensis,Anacardiaceae,"pau-pombo, tapirira",https://photos.app.goo.gl/nyGwy2kNY9qa2XiF8,64,"14,1","20,37183272","10,18591636","0,1018591636","0,03259493235",17/10/2025,11:10,460
P01,H3738189,30,"-12,0095583","-56,8938657",Tachi-branco,Tapirira guianensis,Anacardiaceae,"pau-pombo, tapirira",https://photos.app.goo.gl/nyGwy2kNY9qa2XiF8,67,"14,3","21,32676237","10,66338119","0,1066338119","0,03572232698",17/10/2025,11:10,460
P01,H3738189,30,"-12,0095583","-56,8938657",Tachi-branco,Tapirira guianensis,Anacardiaceae,"pau-pombo, tapirira",https://photos.app.goo.gl/nyGwy2kNY9qa2XiF8,65,"14,2","20,6901426","10,3450713","0,103450713","0,03362148173",17/10/2025,11:10,460
P01,H3738189,30,"-12,0095583","-56,8938657",Tachi-branco,Tapirira guianensis,Anacardiaceae,"pau-pombo, tapirira",https://photos.app.goo.gl/nyGwy2kNY9qa2XiF8,52,"13,2","16,55211408","8,276057041","0,08276057041","0,02151774831",17/10/2025,11:10,460
P02,,31,"-12,0068366","-56,8933457",Angelim-manteiga,Trattinnickia burserifolia,Burseraceae,almesclão,https://photos.app.goo.gl/WyeNytPu5Ex6A4vy5,100,20,"31,83098862","15,91549431","0,1591549431","0,07957747155",17/10/2025,12:28,461
P02,H3738152,32,"-12,0069757","-56,8929483",Congonha-cascuda,Ochthocosmus barrae,Ixonanthaceae,vermelhão,https://photos.app.goo.gl/2TJ7aisnbLw7ykdb7,25,"6,5","7,957747155","3,978873577","0,03978873577","0,004973591972",17/10/2025,12:30,462
P02,H3738151,33,"-12,0070371","-56,8931736",Louro-branco,Emmotum nitens,Metteniusaceae,sobreiro,https://photos.app.goo.gl/QVMBxWamKh1nhYRJA,24,"7,5","7,639437268","3,819718634","0,03819718634","0,004583662361",17/10/2025,12:46,463
P02,,34,"-12,0067885","-56,8933152",Goiabada,Myrcia eximia,Myrtaceae,goiabada,https://photos.app.goo.gl/HBgodFfuLwtRtcpa6,32,"5,7","10,18591636","5,092958179","0,05092958179","0,008148733086",17/10/2025,12:49,464
P02,,34,"-12,0067885","-56,8933152",Goiabada,Myrcia eximia,Myrtaceae,goiabada,https://photos.app.goo.gl/HBgodFfuLwtRtcpa6,30,5,"9,549296586","4,774648293","0,04774648293","0,007161972439",17/10/2025,12:49,464
P02,,34,"-12,0067885","-56,8933152",Goiabada,Myrcia eximia,Myrtaceae,goiabada,https://photos.app.goo.gl/HBgodFfuLwtRtcpa6,33,6,"10,50422624","5,252113122","0,05252113122","0,008665986651",17/10/2025,12:49,464
P02,,35,"-12,0067962","-56,8933993",Copaiba,Copaifera langsdorffii,Fabaceae,"copaíba, óleo",https://photos.app.goo.gl/C7hPZqvurrEPiEC78,23,5,"7,321127382","3,660563691","0,03660563691","0,004209648245",17/10/2025,12:50,465
P02,,35,"-12,0067962","-56,8933993",Copaiba,Copaifera langsdorffii,Fabaceae,"copaíba, óleo",https://photos.app.goo.gl/C7hPZqvurrEPiEC78,17,5,"5,411268065","2,705634033","0,02705634033","0,002299788928",17/10/2025,12:50,465
P02,H3738156,36,"-12,0068191","-56,8931022",Canelão-branco,Nectandra cuspidata,Lauraceae,canelão-branco,https://photos.app.goo.gl/yaQtuLkmZxtBwAQz5,49,"11,5","15,59718442","7,798592212","0,07798592212","0,01910655092",17/10/2025,13:00,466
P02,H3738156,36,"-12,0068191","-56,8931022",Canelão-branco,Nectandra cuspidata,Lauraceae,canelão-branco,https://photos.app.goo.gl/yaQtuLkmZxtBwAQz5,44,9,"14,00563499","7,002817496","0,07002817496","0,01540619849",17/10/2025,13:00,466
P02,H3738156,36,"-12,0068191","-56,8931022",Canelão-branco,Nectandra cuspidata,Lauraceae,canelão-branco,https://photos.app.goo.gl/yaQtuLkmZxtBwAQz5,46,10,"14,64225476","7,321127382","0,07321127382","0,01683859298",17/10/2025,13:00,466
P02,,37,"-12,0070016","-56,8930939",Castanha-de-cutia,Moquilea egleri,Chrysobalanaceae,caraipé,https://photos.app.goo.gl/mCSBRVXbSojm1qCL8,16,7,"5,092958179","2,546479089","0,02546479089","0,002037183272",17/10/2025,13:03,467
P02,H3738173,38,"-12,0070575","-56,893289",Vermelhão,Myrcia amazonica,Myrtaceae,"vermelhão, araçá (MT)",https://photos.app.goo.gl/uAuNCeVazR2tUreQ9,27,"6,5","8,594366927","4,297183463","0,04297183463","0,005801197676",17/10/2025,13:07,468
P02,,39,"-12,0069335","-56,8931646",Vermelhão,Myrcia amazonica,Myrtaceae,"vermelhão, araçá (MT)",https://photos.app.goo.gl/uAuNCeVazR2tUreQ9,20,"5,5","6,366197724","3,183098862","0,03183098862","0,003183098862",17/10/2025,13:08,469
P02,H3738174,40,"-12,0068324","-56,8931254",Olho-de-bode,Ormosia paraensis,Fabaceae,olho-de-cabra,https://photos.app.goo.gl/iyeABZxrz1CDmhCA8,"35,5",7,"11,30000096","5,65000048","0,0565000048","0,01002875085",17/10/2025,13:11,470
P02,H3738175,41,,,Canela-embira,Guatteria foliosa,Annonaceae,embira,https://photos.app.goo.gl/xxJgvotNotSDpjrW7,29,"7,5","9,230986699","4,61549335","0,0461549335","0,006692465357",17/10/2025,13:13,471
P02,,42,"-12,0069337","-56,8932266",Goiabada,Myrcia eximia,Myrtaceae,goiabada,https://photos.app.goo.gl/HBgodFfuLwtRtcpa6,"42,5","9,3","13,52817016","6,764085081","0,06764085081","0,0143736808",17/10/2025,13:18,472
P02,,43,"-12,0070393","-56,8931413",Inga-colar,Inga heterophylla,Fabaceae,ingázinho,https://photos.app.goo.gl/5ELWAifmPrxprdcG7,82,10,"26,10141067","13,05070533","0,1305070533","0,05350789187",17/10/2025,13:21,473
P02,,43,"-12,0070393","-56,8931413",Inga-colar,Inga heterophylla,Fabaceae,ingázinho,https://photos.app.goo.gl/5ELWAifmPrxprdcG7,76,11,"24,19155135","12,09577567","0,1209577567","0,04596394756",17/10/2025,13:21,473
P02,,44,"-12,0072464","-56,8932306",Vermelhão,Myrcia amazonica,Myrtaceae,"vermelhão, araçá (MT)",https://photos.app.goo.gl/uAuNCeVazR2tUreQ9,25,"6,5","7,957747155","3,978873577","0,03978873577","0,004973591972",17/10/2025,13:27,474
P02,H3738168,45,"-12,0067828","-56,8931432",Congonha-cascuda,Ochthocosmus barrae,Ixonanthaceae,vermelhão,https://photos.app.goo.gl/2TJ7aisnbLw7ykdb7,41,8,"13,05070533","6,525352667","0,06525352667","0,01337697297",17/10/2025,13:28,475
P02,H3738169,46,"-12,0066775","-56,8933008",Sucupira-da-mata,Diplotropis brasiliensis,Fabaceae,sucupira-amarela (MT),https://photos.app.goo.gl/pj4qgwfriFJSMkVT9,22,6,"7,002817496","3,501408748","0,03501408748","0,003851549623",17/10/2025,13:42,476
P02,H3738170,47,"-12,0069583","-56,8932212",Breu-lixa,Protium aracouchini,Burseraceae,breu,https://photos.app.goo.gl/KSXAQHEKpLqsnufk9,18,4,"5,729577951","2,864788976","0,02864788976","0,002578310078",17/10/2025,13:49,477
P02,,48,"-12,0069722","-56,8930934",Goiabada,Myrcia eximia,Myrtaceae,goiabada,https://photos.app.goo.gl/HBgodFfuLwtRtcpa6,35,"7,4","11,14084602","5,570423008","0,05570423008","0,009748240264",17/10/2025,13:50,478
P02,,48,"-12,0069722","-56,8930934",Goiabada,Myrcia eximia,Myrtaceae,goiabada,https://photos.app.goo.gl/HBgodFfuLwtRtcpa6,38,8,"12,09577567","6,047887837","0,06047887837","0,01149098689",17/10/2025,13:50,478
P02,,48,"-12,0069722","-56,8930934",Goiabada,Myrcia eximia,Myrtaceae,goiabada,https://photos.app.goo.gl/HBgodFfuLwtRtcpa6,33,7,"10,50422624","5,252113122","0,05252113122","0,008665986651",17/10/2025,13:50,478
P02,,49,"-12,0071777","-56,8933464",Congonha-cascuda,Ochthocosmus barrae,Ixonanthaceae,vermelhão,https://photos.app.goo.gl/2TJ7aisnbLw7ykdb7,40,7,"12,73239545","6,366197724","0,06366197724","0,01273239545",17/10/2025,13:53,479
P02,,50,"-12,0068682","-56,8930455",Castanha-de-cutia,Moquilea egleri,Chrysobalanaceae,caraipé,https://photos.app.goo.gl/mCSBRVXbSojm1qCL8,24,6,"7,639437268","3,819718634","0,03819718634","0,004583662361",17/10/2025,13:56,480
P02,,51,"-12,0068406","-56,893062",Castanha-de-cutia,Moquilea egleri,Chrysobalanaceae,caraipé,https://photos.app.goo.gl/mCSBRVXbSojm1qCL8,25,"9,7","7,957747155","3,978873577","0,03978873577","0,004973591972",17/10/2025,13:57,481
P02,,52,"-12,006853","-56,8930943",Goiabada,Myrcia eximia,Myrtaceae,goiabada,https://photos.app.goo.gl/HBgodFfuLwtRtcpa6,37,9,"11,77746579","5,888732894","0,05888732894","0,01089415585",17/10/2025,13:59,482
P02,H3738131,53,"-12,0074159","-56,8933386",biriba,Eschweilera parvifolia,Lecythidaceae,biriba,https://photos.app.goo.gl/dAwfQo78g5BU2NzE8,23,7,"7,321127382","3,660563691","0,03660563691","0,004209648245",17/10/2025,14:02,483
P02,,54,"-12,0069363","-56,8932414",Canela-embira,Guatteria foliosa,Annonaceae,embira,https://photos.app.goo.gl/xxJgvotNotSDpjrW7,46,"11,5","14,64225476","7,321127382","0,07321127382","0,01683859298",17/10/2025,14:03,484
P02,,55,"-12,0068768","-56,892871",Goiabada,Myrcia eximia,Myrtaceae,goiabada,https://photos.app.goo.gl/HBgodFfuLwtRtcpa6,30,7,"9,549296586","4,774648293","0,04774648293","0,007161972439",17/10/2025,14:04,485
P02,H3738135,56,"-12,0070897","-56,8933344",Inga-quadrado,Inga alba,Fabaceae,ingázinho-amarelo,https://photos.app.goo.gl/x4QYn53nBPA1WnUd8,24,5,"7,639437268","3,819718634","0,03819718634","0,004583662361",17/10/2025,14:07,486
P02,,57,"-12,0069716","-56,8931443",Canela-embira,Guatteria foliosa,Annonaceae,embira,https://photos.app.goo.gl/xxJgvotNotSDpjrW7,26,5,"8,276057041","4,13802852","0,0413802852","0,005379437077",17/10/2025,14:10,487
P02,,58,"-12,0069926","-56,893173",Sucupira-da-mata,Diplotropis brasiliensis,Fabaceae,sucupira-amarela (MT),https://photos.app.goo.gl/pj4qgwfriFJSMkVT9,40,"7,5","12,73239545","6,366197724","0,06366197724","0,01273239545",17/10/2025,14:11,488
P02,,59,"-12,0069374","-56,8931915",Inga-quadrado,Inga alba,Fabaceae,ingázinho-amarelo,https://photos.app.goo.gl/x4QYn53nBPA1WnUd8,26,"7,5","8,276057041","4,13802852","0,0413802852","0,005379437077",17/10/2025,14:13,489
P02,,60,"-12,006946","-56,8931949",Breu-lixa,Protium aracouchini,Burseraceae,breu,https://photos.app.goo.gl/KSXAQHEKpLqsnufk9,57,8,"18,14366351","9,071831756","0,09071831756","0,02585472051",17/10/2025,14:16,490
P02,,61,,,Castanha-de-cutia,Moquilea egleri,Chrysobalanaceae,caraipé,https://photos.app.goo.gl/mCSBRVXbSojm1qCL8,16,"4,5","5,092958179","2,546479089","0,02546479089","0,002037183272",17/10/2025,14:16,491
P02,,62,"-12,0069946","-56,8932794",Castanha-de-cutia,Moquilea egleri,Chrysobalanaceae,caraipé,https://photos.app.goo.gl/mCSBRVXbSojm1qCL8,16,"4,7","5,092958179","2,546479089","0,02546479089","0,002037183272",17/10/2025,14:18,492
P02,,63,"-12,0070305","-56,8933532",Goiabada,Myrcia eximia,Myrtaceae,goiabada,https://photos.app.goo.gl/HBgodFfuLwtRtcpa6,46,7,"14,64225476","7,321127382","0,07321127382","0,01683859298",17/10/2025,14:20,493
P02,H3738137,64,"-12,0068042","-56,8934208",Canela-embira,Guatteria foliosa,Annonaceae,embira,https://photos.app.goo.gl/xxJgvotNotSDpjrW7,25,7,"7,957747155","3,978873577","0,03978873577","0,004973591972",17/10/2025,14:23,494
P02,,65,"-12,0068078","-56,893267",Marupá,Simarouba amara,Simaroubaceae,marupá,https://photos.app.goo.gl/tbB2BbFS1SMAwCNf8,66,"11,5","21,00845249","10,50422624","0,1050422624","0,03466394661",17/10/2025,14:23,495
P02,,66,"-12,0068024","-56,8933298",Congonha-cascuda,Ochthocosmus barrae,Ixonanthaceae,vermelhão,https://photos.app.goo.gl/2TJ7aisnbLw7ykdb7,21,6,"6,68450761","3,342253805","0,03342253805","0,003509366495",17/10/2025,14:24,496
P02,,67,"-12,0067591","-56,8932689",Castanha-de-cutia,Moquilea egleri,Chrysobalanaceae,caraipé,https://photos.app.goo.gl/mCSBRVXbSojm1qCL8,18,5,"5,729577951","2,864788976","0,02864788976","0,002578310078",17/10/2025,14:25,497
P02,,68,"-12,0066597","-56,8931034",Breu-lixa,Protium aracouchini,Burseraceae,breu,https://photos.app.goo.gl/KSXAQHEKpLqsnufk9,20,"6,3","6,366197724","3,183098862","0,03183098862","0,003183098862",17/10/2025,14:27,498
P02,,69,"-12,0067008","-56,8931744",Goiabada,Myrcia eximia,Myrtaceae,goiabada,https://photos.app.goo.gl/HBgodFfuLwtRtcpa6,36,6,"11,4591559","5,729577951","0,05729577951","0,01031324031",17/10/2025,14:27,499
P02,H3738146,70,"-12,0067084","-56,8931086",Café-espora,Ferdinandusa speciosa,Rubiaceae,"fernanda, café-esporão",https://photos.app.goo.gl/PWCqGGHB4q5nvwfe6,22,5,"7,002817496","3,501408748","0,03501408748","0,003851549623",17/10/2025,14:34,500
P02,,71,"-12,0069187","-56,8931501",Canela-embira,Guatteria foliosa,Annonaceae,embira,https://photos.app.goo.gl/xxJgvotNotSDpjrW7,25,6,"7,957747155","3,978873577","0,03978873577","0,004973591972",17/10/2025,14:56,501
P03,3738196,72,"-11,9640192","-56,8875909",canela-pindaiba,Ocotea guianensis,Lauraceae,canela-seda,https://photos.app.goo.gl/LX8TQuWTGJvi3P5f7,17,8,"5,411268065","2,705634033","0,02705634033","0,002299788928",18/10/2025,09:30,1
P03,3739086,73,"-11,963936","-56,8875975",cedrinho,Erisma uncinatum,Vochysiaceae,cedrinho,https://photos.app.goo.gl/fMNfdwYG3MZCGsee7,64,21,"20,37183272","10,18591636","0,1018591636","0,03259493235",18/10/2025,09:40,2
P03,3739488,74,"-11,9640069","-56,887506",Tachi-branco,Tapirira guianensis,Anacardiaceae,"pau-pombo, tapirira",https://photos.app.goo.gl/nyGwy2kNY9qa2XiF8,41,11,"13,05070533","6,525352667","0,06525352667","0,01337697297",18/10/2025,09:43,3
P03,3739438,75,"-11,9642587","-56,8876918",Licurana,Aparisthmium cordatum,Euphorbiaceae,"licurana, sangra-d'água (MT)",https://photos.app.goo.gl/xZCXQoQa54MnHffE7,22,6,"7,002817496","3,501408748","0,03501408748","0,003851549623",18/10/2025,09:47,4
P03,3739490,76,"-11,9639677","-56,8874847",canela-pindaiba,Ocotea guianensis,Lauraceae,canela-seda,https://photos.app.goo.gl/LX8TQuWTGJvi3P5f7,32,8,"10,18591636","5,092958179","0,05092958179","0,008148733086",18/10/2025,09:41,5
P03,3738195,77,"-11,963809","-56,8876033",peroba-dagua,Aspidosperma desmanthum,Apocynaceae,peroba-d'água,https://photos.app.goo.gl/vTGE9r8qrMS5tagU6,64,18,"20,37183272","10,18591636","0,1018591636","0,03259493235",18/10/2025,09:09,6
P03,3739465,78,"-11,9639911","-56,8876182",Licurana,Aparisthmium cordatum,Euphorbiaceae,"licurana, sangra-d'água (MT)",https://photos.app.goo.gl/xZCXQoQa54MnHffE7,30,6,"9,549296586","4,774648293","0,04774648293","0,007161972439",18/10/2025,10:02,7
P03,3738192,79,"-11,9640431","-56,8872681",Mandiocao,Didymopanax morototoni,Araliaceae,mandiocão,https://photos.app.goo.gl/8wRJ22gDavUgYdv96,23,8,"7,321127382","3,660563691","0,03660563691","0,004209648245",18/10/2025,09:48,8
P03,3739491,80,"-11,9638908","-56,8876419",Licurana,Aparisthmium cordatum,Euphorbiaceae,"licurana, sangra-d'água (MT)",https://photos.app.goo.gl/xZCXQoQa54MnHffE7,26,9,"8,276057041","4,13802852","0,0413802852","0,005379437077",18/10/2025,09:18,9
P03,3739568,81,"-11,964052","-56,8877489",Marupá,Simarouba amara,Simaroubaceae,marupá,https://photos.app.goo.gl/tbB2BbFS1SMAwCNf8,20,7,"6,366197724","3,183098862","0,03183098862","0,003183098862",18/10/2025,09:31,10
P03,3739305,82,"-11,9640591","-56,8874403",angelim-pedra,Vatairea fusca,Fabaceae,"angelim-pedra, angelim-amargoso",https://photos.app.goo.gl/ZBjDyRgt2mKRpN8AA,113,19,"35,96901714","17,98450857","0,1798450857","0,1016124734",18/10/2025,09:36,11
P03,3739489,83,"-11,9640423","-56,887552",virola-ata,Iryanthera juruensis,Myristicaceae,ucuúba,https://photos.app.goo.gl/AxMTTDWTeRMTP71u9,22,7,"7,002817496","3,501408748","0,03501408748","0,003851549623",18/10/2025,08:59,12
P03,3739493,84,"-11,964179","-56,8876505",Mandiocao,Didymopanax morototoni,Araliaceae,mandiocão,https://photos.app.goo.gl/8wRJ22gDavUgYdv96,37,9,"11,77746579","5,888732894","0,05888732894","0,01089415585",18/10/2025,09:45,13
P03,3739307,85,"-11,9639355","-56,8875797",canela-pindaiba,Ocotea guianensis,Lauraceae,canela-seda,https://photos.app.goo.gl/LX8TQuWTGJvi3P5f7,26,7,"8,276057041","4,13802852","0,0413802852","0,005379437077",18/10/2025,09:24,14
P03,3738148,86,"-11,9642924","-56,88776",canela-pindaiba,Ocotea guianensis,Lauraceae,canela-seda,https://photos.app.goo.gl/LX8TQuWTGJvi3P5f7,36,7,"11,4591559","5,729577951","0,05729577951","0,01031324031",18/10/2025,10:01,15
P03,3738148,86,"-11,9641355","-56,8876408",canela-pindaiba,Ocotea guianensis,Lauraceae,canela-seda,https://photos.app.goo.gl/LX8TQuWTGJvi3P5f7,39,8,"12,41408556","6,207042781","0,06207042781","0,01210373342",18/10/2025,09:44,16
P03,3739308,87,"-11,9641355","-56,8876408",canela-pindaiba,Ocotea guianensis,Lauraceae,canela-seda,https://photos.app.goo.gl/LX8TQuWTGJvi3P5f7,30,7,"9,549296586","4,774648293","0,04774648293","0,007161972439",18/10/2025,09:44,16
P03,3738149,88,"-11,9641457","-56,8875736",Mandiocao,Didymopanax morototoni,Araliaceae,mandiocão,https://photos.app.goo.gl/8wRJ22gDavUgYdv96,40,9,"12,73239545","6,366197724","0,06366197724","0,01273239545",18/10/2025,10:00,17
P03,3739577,89,"-11,9640556","-56,8877017",canela-pindaiba,Ocotea guianensis,Lauraceae,canela-seda,https://photos.app.goo.gl/LX8TQuWTGJvi3P5f7,30,8,"9,549296586","4,774648293","0,04774648293","0,007161972439",18/10/2025,08:57,18
P03,3739479,90,"-11,9638208","-56,8874699",Café-espora,Ferdinandusa speciosa,Rubiaceae,"fernanda, café-esporão",https://photos.app.goo.gl/PWCqGGHB4q5nvwfe6,45,8,"14,32394488","7,161972439","0,07161972439","0,01611443799",18/10/2025,09:52,19
P03,3739086,91,"-11,9640827","-56,8877283",cedrinho,Erisma uncinatum,Vochysiaceae,cedrinho,https://photos.app.goo.gl/fMNfdwYG3MZCGsee7,130,22,"41,3802852","20,6901426","0,206901426","0,1344859269",18/10/2025,08:54,20
P03,3648283,91,"-11,9639488","-56,8876067",peroba-amarela,Aspidosperma spruceanum,Apocynaceae,peroba-amarela,https://photos.app.goo.gl/2TdebSs3HTGfDrpq9,42,7,"13,36901522","6,68450761","0,0668450761","0,01403746598",18/10/2025,09:25,20
P03,3739087,92,"-11,9640788","-56,8874042",canela-pindaiba,Ocotea guianensis,Lauraceae,canela-seda,https://photos.app.goo.gl/LX8TQuWTGJvi3P5f7,43,"8,5","13,68732511","6,843662553","0,06843662553","0,01471387449",18/10/2025,10:00,21
P03,3739494,93,"-11,9644685","-56,8875198",canela-pindaiba,Ocotea guianensis,Lauraceae,canela-seda,https://photos.app.goo.gl/LX8TQuWTGJvi3P5f7,50,11,"15,91549431","7,957747155","0,07957747155","0,01989436789",18/10/2025,09:46,22
P03,3738194,94,"-11,9640522","-56,8876177",Lacre,Vismia schultesii,Hypericaceae,Lacre,https://photos.app.goo.gl/jooYCo7zmR6dCWj88,44,11,"14,00563499","7,002817496","0,07002817496","0,01540619849",18/10/2025,09:42,23
P03,3739043,95,"-11,964265","-56,8877748",Lacre,Vismia schultesii,Hypericaceae,Lacre,https://photos.app.goo.gl/jooYCo7zmR6dCWj88,19,6,"6,047887837","3,023943919","0,03023943919","0,002872746723",18/10/2025,09:47,24
P03,3739492,96,"-11,9640832","-56,8875875",canela-pindaiba,Ocotea guianensis,Lauraceae,canela-seda,https://photos.app.goo.gl/LX8TQuWTGJvi3P5f7,20,7,"6,366197724","3,183098862","0,03183098862","0,003183098862",18/10/2025,10:01,25
P03,3739306,97,"-11,9641829","-56,887567",canela-pindaiba,Ocotea guianensis,Lauraceae,canela-seda,https://photos.app.goo.gl/LX8TQuWTGJvi3P5f7,20,8,"6,366197724","3,183098862","0,03183098862","0,003183098862",18/10/2025,09:49,26
P03,3648282,99,"-11,9642166","-56,8875979",guarantã,Aspidosperma marcgravianum,Apocynaceae,guarantã,https://photos.app.goo.gl/jqz7P75Q8Hs8Qynt7,90,"10,5","28,64788976","14,32394488","0,1432394488","0,06445775195",18/10/2025,10:15,28
P03,3648283,100,"-11,9638675","-56,8876723",joao-duro,Swartzia tessmannii,Fabaceae,joão-duro,https://photos.app.goo.gl/Be8h5g4Gt1Bpzadr7,62,12,"19,73521294","9,867606472","0,09867606472","0,03058958006",18/10/2025,10:19,29
P03,3648284,101,"-11,9639617","-56,8876771",guaçatonga,Casearia arborea,Salicaceae,espeteiro-da-mata,https://photos.app.goo.gl/TsuhwpdCrvGtuTGN7,30,10,"9,549296586","4,774648293","0,04774648293","0,007161972439",18/10/2025,10:41,30
P03,3648285,102,,,Licurana,Aparisthmium cordatum,Euphorbiaceae,"licurana, sangra-d'água (MT)",https://photos.app.goo.gl/xZCXQoQa54MnHffE7,18,6,"5,729577951","2,864788976","0,02864788976","0,002578310078",18/10/2025,10:29,31
P03,3648286,103,"-11,9639638","-56,8875521",embira-vermelha,Annona ambotay,Annonaceae,embira-vermelha,https://photos.app.goo.gl/VDjqoLUM6PSUC9D68,48,7,"15,27887454","7,639437268","0,07639437268","0,01833464944",18/10/2025,10:47,32
P03,3648287,104,"-11,9637174","-56,8875721",cambará-rosa,Vochysia vismiifolia,Vochysiaceae,cambará-rosa,https://photos.app.goo.gl/V1ZUHHjhsvB6cVdU6,78,12,"24,82817112","12,41408556","0,1241408556","0,04841493369",18/10/2025,10:52,33
P03,3648288,105,"-11,9640102","-56,8875108",goiabinha,Myrciaria floribunda,Myrtaceae,goiabinha (MT),https://photos.app.goo.gl/RfhriXfZtrRo8Gvz8,48,7,"15,27887454","7,639437268","0,07639437268","0,01833464944",18/10/2025,11:04,34
P03,3648289,106,"-11,9639763","-56,8878462",Castanha-de-cutia,Moquilea egleri,Chrysobalanaceae,caraipé,https://photos.app.goo.gl/mCSBRVXbSojm1qCL8,43,8,"13,68732511","6,843662553","0,06843662553","0,01471387449",18/10/2025,11:06,35
P03,3648290,107,"-11,9639418","-56,8877139",Sucupira-da-mata,Diplotropis brasiliensis,Fabaceae,sucupira-amarela (MT),https://photos.app.goo.gl/pj4qgwfriFJSMkVT9,68,"9,5","21,64507226","10,82253613","0,1082253613","0,03679662284",18/10/2025,11:13,36
P03,3648291,108,"-11,9639862","-56,8875737",Licurana,Aparisthmium cordatum,Euphorbiaceae,"licurana, sangra-d'água (MT)",https://photos.app.goo.gl/xZCXQoQa54MnHffE7,18,6,"5,729577951","2,864788976","0,02864788976","0,002578310078",18/10/2025,11:14,37
P03,3648180,109,"-11,9747426","-56,8928499",angelim-amargoso,Vataireopsis speciosa,Fabaceae,"angelim-amargoso (MT), amargoso-falso",https://photos.app.goo.gl/gaVvU2qmy5Czv4yU7,117,23,"37,24225668","18,62112834","0,1862112834","0,1089336008",18/10/2025,13:43,38
P04,3648181,110,"-11,9747012","-56,8927921",macuco,Palicourea guianensis,Rubiaceae,"macuco, borracheiro",https://photos.app.goo.gl/5pvi2LV57JKznr4t9,22,5,"7,002817496","3,501408748","0,03501408748","0,003851549623",18/10/2025,13:51,39
P04,3648182,111,"-11,9747622","-56,8927743",Licurana,Aparisthmium cordatum,Euphorbiaceae,"licurana, sangra-d'água (MT)",https://photos.app.goo.gl/xZCXQoQa54MnHffE7,21,4,"6,68450761","3,342253805","0,03342253805","0,003509366495",18/10/2025,13:54,40
P04,3648184,112,"-11,9746909","-56,8925511",Goiabadinha,Myrcia cf. paivae,Myrtaceae,guamirim,https://photos.app.goo.gl/4DjtTVDtM6CjVt6U7,20,6,"6,366197724","3,183098862","0,03183098862","0,003183098862",18/10/2025,14:00,41
P04,3648183,113,"-11,9746717","-56,8925937",Licurana,Aparisthmium cordatum,Euphorbiaceae,"licurana, sangra-d'água (MT)",https://photos.app.goo.gl/xZCXQoQa54MnHffE7,22,5,"7,002817496","3,501408748","0,03501408748","0,003851549623",18/10/2025,14:02,42
P04,3648185,114,"-11,9746881","-56,892802",Inga-colar,Inga heterophylla,Fabaceae,ingázinho,https://photos.app.goo.gl/5ELWAifmPrxprdcG7,26,5,"8,276057041","4,13802852","0,0413802852","0,005379437077",18/10/2025,14:08,43
P04,3648186,115,"-11,9746774","-56,8927341",pixirica-bronze,Miconia cuspidata,Melastomataceae,pixirica-bronze,https://photos.app.goo.gl/vJbEtDGogKRQRr4b6,19,6,"6,047887837","3,023943919","0,03023943919","0,002872746723",18/10/2025,14:16,44
P04,3648187,116,"-11,9747673","-56,8927962",goiaba-de-anta,Bellucia grossularioides,Melastomataceae,goiaba-de-anta,https://photos.app.goo.gl/6Z4e7z65jxk9Pr8s5,22,"6,5","7,002817496","3,501408748","0,03501408748","0,003851549623",18/10/2025,14:19,45
P04,3648188,117,"-11,9744635","-56,8931493",pixirica-lacre,Miconia holosericea,Melastomataceae,pixiricão,https://photos.app.goo.gl/2qYqYTw6o71d2uAr6,33,7,"10,50422624","5,252113122","0,05252113122","0,008665986651",18/10/2025,14:21,46
P04,3648188,117,"-11,9748126","-56,8929316",pixirica-lacre,Miconia holosericea,Melastomataceae,pixiricão,https://photos.app.goo.gl/2qYqYTw6o71d2uAr6,31,7,"9,867606472","4,933803236","0,04933803236","0,007647395016",18/10/2025,14:27,47
P04,3648189,118,"-11,9745784","-56,8926444",macuco,Palicourea guianensis,Rubiaceae,"macuco, borracheiro",https://photos.app.goo.gl/5pvi2LV57JKznr4t9,20,5,"6,366197724","3,183098862","0,03183098862","0,003183098862",18/10/2025,14:29,48
P04,3649422,119,"-11,9746376","-56,8928486",Canela-embira,Guatteria foliosa,Annonaceae,embira,https://photos.app.goo.gl/xxJgvotNotSDpjrW7,30,6,"9,549296586","4,774648293","0,04774648293","0,007161972439",18/10/2025,14:29,49
P04,3649423,120,"-11,9746486","-56,8929402",Inga-colar,Inga heterophylla,Fabaceae,ingázinho,https://photos.app.goo.gl/5ELWAifmPrxprdcG7,29,5,"9,230986699","4,61549335","0,0461549335","0,006692465357",18/10/2025,14:32,50
P04,3649423,120,"-11,9746486","-56,8929402",Inga-colar,Inga heterophylla,Fabaceae,ingázinho,https://photos.app.goo.gl/5ELWAifmPrxprdcG7,28,5,"8,912676813","4,456338407","0,04456338407","0,006238873769",18/10/2025,14:32,50
P04,3649424,121,"-11,9746279","-56,8929637",Licurana,Aparisthmium cordatum,Euphorbiaceae,"licurana, sangra-d'água (MT)",https://photos.app.goo.gl/xZCXQoQa54MnHffE7,17,6,"5,411268065","2,705634033","0,02705634033","0,002299788928",18/10/2025,14:33,51
P04,3649425,122,"-11,9747996","-56,8928664",joao-mole,Guapira opposita,Nyctaginaceae,joão-mole,https://photos.app.goo.gl/SqrXFaD4w1Va6zoo9,47,"3,30","14,96056465","7,480282325","0,07480282325","0,01757866346",18/10/2025,14:38,52
P04,3649425,122,"-11,9747996","-56,8928664",joao-mole,Guapira opposita,Nyctaginaceae,joão-mole,https://photos.app.goo.gl/SqrXFaD4w1Va6zoo9,17,5,"5,411268065","2,705634033","0,02705634033","0,002299788928",18/10/2025,14:38,52
P04,3649426,123,"-11,9745395","-56,8930222",peroba-dagua,Aspidosperma desmanthum,Apocynaceae,peroba-d'água,https://photos.app.goo.gl/vTGE9r8qrMS5tagU6,30,6,"9,549296586","4,774648293","0,04774648293","0,007161972439",18/10/2025,14:45,53
P04,3649427,124,"-11,9746924","-56,8930556",Canelão,Ocotea cujumary,Lauraceae,canelão,https://photos.app.goo.gl/Cout2A6M3yU7zRju8,47,8,"14,96056465","7,480282325","0,07480282325","0,01757866346",18/10/2025,14:46,54
P04,3649427,125,"-11,9746924","-56,8930556",Canelão,Ocotea cujumary,Lauraceae,canelão,https://photos.app.goo.gl/Cout2A6M3yU7zRju8,19,8,"6,047887837","3,023943919","0,03023943919","0,002872746723",18/10/2025,14:46,54
P04,3649428,125,"-11,9747398","-56,8931143",Licurana,Aparisthmium cordatum,Euphorbiaceae,"licurana, sangra-d'água (MT)",https://photos.app.goo.gl/xZCXQoQa54MnHffE7,25,7,"7,957747155","3,978873577","0,03978873577","0,004973591972",18/10/2025,14:47,55
P04,3649429,126,,,Licurana,Aparisthmium cordatum,Euphorbiaceae,"licurana, sangra-d'água (MT)",https://photos.app.goo.gl/xZCXQoQa54MnHffE7,32,"6,7","10,18591636","5,092958179","0,05092958179","0,008148733086",18/10/2025,14:47,56
P04,3649430,127,"-11,974867","-56,8929802",inga-peludo,Inga velutina,Fabaceae,ingá-peludo,https://photos.app.goo.gl/dAkW6mpBMVuEabaA8,30,"6,5","9,549296586","4,774648293","0,04774648293","0,007161972439",18/10/2025,14:57,57
P04,3649445,128,"-11,9748159","-56,8928346",Licurana,Aparisthmium cordatum,Euphorbiaceae,"licurana, sangra-d'água (MT)",https://photos.app.goo.gl/xZCXQoQa54MnHffE7,17,7,"5,411268065","2,705634033","0,02705634033","0,002299788928",18/10/2025,14:59,58
P04,3649431,129,"-11,974896","-56,8932284",pixirica-bronze,Miconia cuspidata,Melastomataceae,pixirica-bronze,https://photos.app.goo.gl/vJbEtDGogKRQRr4b6,36,"6,5","11,4591559","5,729577951","0,05729577951","0,01031324031",18/10/2025,15:00,59
P04,3648270,130,"-11,97475","-56,8930981",Embauba,Cecropia distachya,Urticaceae,embaúba,https://photos.app.goo.gl/Xx7tp2fyQUsUdfjPA,19,7,"6,047887837","3,023943919","0,03023943919","0,002872746723",18/10/2025,15:01,60
P04,3648269,131,"-11,9748485","-56,8927223",pixirica-bronze,Miconia cuspidata,Melastomataceae,pixirica-bronze,https://photos.app.goo.gl/vJbEtDGogKRQRr4b6,26,7,"8,276057041","4,13802852","0,0413802852","0,005379437077",18/10/2025,15:02,61
P04,3649444,132,"-11,9748412","-56,8929804",Lacre,Vismia schultesii,Hypericaceae,Lacre,https://photos.app.goo.gl/jooYCo7zmR6dCWj88,22,6,"7,002817496","3,501408748","0,03501408748","0,003851549623",18/10/2025,15:03,62
P04,3649443,133,"-11,9749339","-56,8930377",Tachi-branco,Tapirira guianensis,Anacardiaceae,"pau-pombo, tapirira",https://photos.app.goo.gl/nyGwy2kNY9qa2XiF8,55,10,"17,50704374","8,75352187","0,0875352187","0,02407218514",18/10/2025,15:04,63
P04,3649443,134,"-11,9749339","-56,8930377",Tachi-branco,Tapirira guianensis,Anacardiaceae,"pau-pombo, tapirira",https://photos.app.goo.gl/nyGwy2kNY9qa2XiF8,26,9,"8,276057041","4,13802852","0,0413802852","0,005379437077",18/10/2025,15:04,63
P04,3649442,134,"-11,9748818","-56,8927686",Canela-embira,Guatteria foliosa,Annonaceae,embira,https://photos.app.goo.gl/xxJgvotNotSDpjrW7,20,"7,5","6,366197724","3,183098862","0,03183098862","0,003183098862",18/10/2025,15:06,64
P04,3648266,135,"-11,9746855","-56,8930327",Inga-colar,Inga heterophylla,Fabaceae,ingázinho,https://photos.app.goo.gl/5ELWAifmPrxprdcG7,33,6,"10,50422624","5,252113122","0,05252113122","0,008665986651",18/10/2025,15:07,65
P04,3648266,135,"-11,9746855","-56,8930327",Inga-colar,Inga heterophylla,Fabaceae,ingázinho,https://photos.app.goo.gl/5ELWAifmPrxprdcG7,31,6,"9,867606472","4,933803236","0,04933803236","0,007647395016",18/10/2025,15:07,65
P04,3648267,136,"-11,9745892","-56,8928807",Canela-embira,Guatteria foliosa,Annonaceae,embira,https://photos.app.goo.gl/xxJgvotNotSDpjrW7,41,7,"13,05070533","6,525352667","0,06525352667","0,01337697297",18/10/2025,15:08,66
P04,3648267,136,"-11,9745892","-56,8928807",Canela-embira,Guatteria foliosa,Annonaceae,embira,https://photos.app.goo.gl/xxJgvotNotSDpjrW7,21,6,"6,68450761","3,342253805","0,03342253805","0,003509366495",18/10/2025,15:08,66
P04,3648268,137,"-11,9749135","-56,8928235",Licurana,Aparisthmium cordatum,Euphorbiaceae,"licurana, sangra-d'água (MT)",https://photos.app.goo.gl/xZCXQoQa54MnHffE7,20,"6,5","6,366197724","3,183098862","0,03183098862","0,003183098862",18/10/2025,15:09,67
P04,3649440,138,"-11,9748724","-56,8928057",pixirica-bronze,Miconia cuspidata,Melastomataceae,pixirica-bronze,https://photos.app.goo.gl/vJbEtDGogKRQRr4b6,32,7,"10,18591636","5,092958179","0,05092958179","0,008148733086",18/10/2025,15:11,68
P04,3648334,139,"-11,9747688","-56,8926873",Canela-embira,Guatteria foliosa,Annonaceae,embira,https://photos.app.goo.gl/xxJgvotNotSDpjrW7,34,7,"10,82253613","5,411268065","0,05411268065","0,009199155711",18/10/2025,15:13,69
P04,3648333,140,"-11,9749612","-56,8925053",Embauba,Cecropia distachya,Urticaceae,embaúba,https://photos.app.goo.gl/Xx7tp2fyQUsUdfjPA,49,9,"15,59718442","7,798592212","0,07798592212","0,01910655092",18/10/2025,15:13,70
P04,3649449,141,"-11,9747674","-56,8926632",Inga-colar,Inga heterophylla,Fabaceae,ingázinho,https://photos.app.goo.gl/5ELWAifmPrxprdcG7,16,"4,5","5,092958179","2,546479089","0,02546479089","0,002037183272",18/10/2025,15:15,71
P04,3649450,142,"-11,9747759","-56,8927785",Embira-preta,Guatteria scytophylla,Annonaceae,embira-preta,https://photos.app.goo.gl/QNo8dCpxsiDu8Rpc7,20,6,"6,366197724","3,183098862","0,03183098862","0,003183098862",18/10/2025,15:15,72
P04,3648332,143,"-11,9748579","-56,8927088",canela-pindaiba,Ocotea guianensis,Lauraceae,canela-seda,https://photos.app.goo.gl/LX8TQuWTGJvi3P5f7,20,7,"6,366197724","3,183098862","0,03183098862","0,003183098862",18/10/2025,15:17,73
P04,3648331,144,,,Jatoba-mirim,Hymenaea cf.2,Fabaceae,jatobá-mirim,https://photos.app.goo.gl/dFy4PZvgDGP5akv39,22,7,"7,002817496","3,501408748","0,03501408748","0,003851549623",18/10/2025,15:23,74
P04,,145,"-11,9747931","-56,892759",ConferirOutr,Indet sp3,INDET,indet.sp1,,22,5,"7,002817496","3,501408748","0,03501408748","0,003851549623",18/10/2025,15:17,75
P04,3648332,146,"-11,9746866","-56,892754",macuco,Palicourea guianensis,Rubiaceae,"macuco, borracheiro",https://photos.app.goo.gl/5pvi2LV57JKznr4t9,19,6,"6,047887837","3,023943919","0,03023943919","0,002872746723",18/10/2025,15:26,76
P04,3648329,147,"-11,989873","-56,9005408",Castanha-de-cutia,Moquilea egleri,Chrysobalanaceae,caraipé,https://photos.app.goo.gl/mCSBRVXbSojm1qCL8,"130,00",24,"41,3802852","20,6901426","0,206901426","0,1344859269",19/10/2025,08:48,77
P05,3648795,148,"-11,9898203","-56,9007219",Embauba,Cecropia distachya,Urticaceae,embaúba,https://photos.app.goo.gl/Xx7tp2fyQUsUdfjPA,"40,00",9,"12,73239545","6,366197724","0,06366197724","0,01273239545",19/10/2025,08:57,78
P05,3648796,149,"-11,989916","-56,900401",Licurana,Aparisthmium cordatum,Euphorbiaceae,"licurana, sangra-d'água (MT)",https://photos.app.goo.gl/xZCXQoQa54MnHffE7,"23,00","6,00","7,321127382","3,660563691","0,03660563691","0,004209648245",19/10/2025,09:05,79
P05,3648796,149,"-11,989916","-56,900401",Licurana,Aparisthmium cordatum,Euphorbiaceae,"licurana, sangra-d'água (MT)",https://photos.app.goo.gl/xZCXQoQa54MnHffE7,"25,00","5,00","7,957747155","3,978873577","0,03978873577","0,004973591972",19/10/2025,09:05,79
P05,3648799,150,"-11,9897605","-56,9005614",Puruma,Cecropia sciadophylla,Urticaceae,embaubarana,https://photos.app.goo.gl/8QhvY1tigxgM8qFT6,"23,00",8,"7,321127382","3,660563691","0,03660563691","0,004209648245",19/10/2025,09:06,80
P05,3648797,151,"-11,989803","-56,9007274",pindaiba-peluda,Xylopia discreta,Annonaceae,pindaíba-peluda,https://photos.app.goo.gl/PDB85Q3RgBUTMkCd6,"18,00",6,"5,729577951","2,864788976","0,02864788976","0,002578310078",19/10/2025,09:12,81
P05,3648798,152,"-11,989639","-56,9006972",Mandiocao,Didymopanax morototoni,Araliaceae,mandiocão,https://photos.app.goo.gl/8wRJ22gDavUgYdv96,"31,00","7,5","9,867606472","4,933803236","0,04933803236","0,007647395016",19/10/2025,09:16,82
P05,3648558,153,"-11,9898543","-56,9006218",Licurana,Aparisthmium cordatum,Euphorbiaceae,"licurana, sangra-d'água (MT)",https://photos.app.goo.gl/xZCXQoQa54MnHffE7,"42,00",6,"13,36901522","6,68450761","0,0668450761","0,01403746598",19/10/2025,09:17,83
P05,3648557,154,"-11,9897489","-56,9008041",Embauba,Cecropia distachya,Urticaceae,embaúba,https://photos.app.goo.gl/Xx7tp2fyQUsUdfjPA,"42,00",13,"13,36901522","6,68450761","0,0668450761","0,01403746598",19/10/2025,09:19,84
P05,3648556,155,"-11,98982","-56,9008568",Embauba,Cecropia distachya,Urticaceae,embaúba,https://photos.app.goo.gl/Xx7tp2fyQUsUdfjPA,"43,00",12,"13,68732511","6,843662553","0,06843662553","0,01471387449",19/10/2025,09:20,85
P05,3648555,156,"-11,9898918","-56,9006265",Licurana,Aparisthmium cordatum,Euphorbiaceae,"licurana, sangra-d'água (MT)",https://photos.app.goo.gl/xZCXQoQa54MnHffE7,"25,00","6,00","7,957747155","3,978873577","0,03978873577","0,004973591972",19/10/2025,09:21,86
P05,3648556,157,"-11,9898918","-56,9006265",Licurana,Aparisthmium cordatum,Euphorbiaceae,"licurana, sangra-d'água (MT)",https://photos.app.goo.gl/xZCXQoQa54MnHffE7,"24,00","5,00","7,639437268","3,819718634","0,03819718634","0,004583662361",19/10/2025,09:21,86
P05,3648556,157,"-11,9897742","-56,9008406",Licurana,Aparisthmium cordatum,Euphorbiaceae,"licurana, sangra-d'água (MT)",https://photos.app.goo.gl/xZCXQoQa54MnHffE7,"20,00",6,"6,366197724","3,183098862","0,03183098862","0,003183098862",19/10/2025,09:21,87
P05,3648554,158,"-11,9897954","-56,9005019",macuco,Palicourea guianensis,Rubiaceae,"macuco, borracheiro",https://photos.app.goo.gl/5pvi2LV57JKznr4t9,"17,00","5,50","5,411268065","2,705634033","0,02705634033","0,002299788928",19/10/2025,09:22,88
P05,3648554,158,"-11,9897954","-56,9005019",macuco,Palicourea guianensis,Rubiaceae,"macuco, borracheiro",https://photos.app.goo.gl/5pvi2LV57JKznr4t9,"17,00","5,50","5,411268065","2,705634033","0,02705634033","0,002299788928",19/10/2025,09:22,88
P05,3648780,159,"-11,9898356","-56,9006311",Licurana,Aparisthmium cordatum,Euphorbiaceae,"licurana, sangra-d'água (MT)",https://photos.app.goo.gl/xZCXQoQa54MnHffE7,"23,00",6,"7,321127382","3,660563691","0,03660563691","0,004209648245",19/10/2025,09:24,89
P05,3648781,160,"-11,9898429","-56,900698",Licurana,Aparisthmium cordatum,Euphorbiaceae,"licurana, sangra-d'água (MT)",https://photos.app.goo.gl/xZCXQoQa54MnHffE7,"20,00",6,"6,366197724","3,183098862","0,03183098862","0,003183098862",19/10/2025,09:25,90
P05,3648782,161,"-11,989695","-56,9005375",Licurana,Aparisthmium cordatum,Euphorbiaceae,"licurana, sangra-d'água (MT)",https://photos.app.goo.gl/xZCXQoQa54MnHffE7,"18,00",4,"5,729577951","2,864788976","0,02864788976","0,002578310078",19/10/2025,09:25,91
P05,3648783,162,"-11,9898457","-56,9007991",Licurana,Aparisthmium cordatum,Euphorbiaceae,"licurana, sangra-d'água (MT)",https://photos.app.goo.gl/xZCXQoQa54MnHffE7,"25,00",6,"7,957747155","3,978873577","0,03978873577","0,004973591972",19/10/2025,09:26,92
P05,3648196,163,"-11,9897928","-56,9007539",Licurana,Aparisthmium cordatum,Euphorbiaceae,"licurana, sangra-d'água (MT)",https://photos.app.goo.gl/xZCXQoQa54MnHffE7,"20,00","5,5","6,366197724","3,183098862","0,03183098862","0,003183098862",19/10/2025,09:26,93
P05,3648197,164,"-11,9898361","-56,9005407",Licurana,Aparisthmium cordatum,Euphorbiaceae,"licurana, sangra-d'água (MT)",https://photos.app.goo.gl/xZCXQoQa54MnHffE7,"25,00","6,7","7,957747155","3,978873577","0,03978873577","0,004973591972",19/10/2025,09:27,94
P05,3648198,165,"-11,989774","-56,9006893",Licurana,Aparisthmium cordatum,Euphorbiaceae,"licurana, sangra-d'água (MT)",https://photos.app.goo.gl/xZCXQoQa54MnHffE7,"25,00","6,00","7,957747155","3,978873577","0,03978873577","0,004973591972",19/10/2025,09:27,95
P05,3648198,165,"-11,989774","-56,9006893",Licurana,Aparisthmium cordatum,Euphorbiaceae,"licurana, sangra-d'água (MT)",https://photos.app.goo.gl/xZCXQoQa54MnHffE7,"20,00","5,00","6,366197724","3,183098862","0,03183098862","0,003183098862",19/10/2025,09:27,95
P05,3648199,166,"-11,989951","-56,90062",Licurana,Aparisthmium cordatum,Euphorbiaceae,"licurana, sangra-d'água (MT)",https://photos.app.goo.gl/xZCXQoQa54MnHffE7,"21,00","5,5","6,68450761","3,342253805","0,03342253805","0,003509366495",19/10/2025,09:28,96
P05,3648190,167,"-11,9899772","-56,900609",pindaiba-peluda,Xylopia discreta,Annonaceae,pindaíba-peluda,https://photos.app.goo.gl/PDB85Q3RgBUTMkCd6,"20,00","6,5","6,366197724","3,183098862","0,03183098862","0,003183098862",19/10/2025,09:29,97
P05,3648191,168,"-11,9898381","-56,9006018",Licurana,Aparisthmium cordatum,Euphorbiaceae,"licurana, sangra-d'água (MT)",https://photos.app.goo.gl/xZCXQoQa54MnHffE7,"16,00","3,5","5,092958179","2,546479089","0,02546479089","0,002037183272",19/10/2025,09:29,98
P05,3648192,169,"-11,9897858","-56,9005639",Licurana,Aparisthmium cordatum,Euphorbiaceae,"licurana, sangra-d'água (MT)",https://photos.app.goo.gl/xZCXQoQa54MnHffE7,"26,00",6,"8,276057041","4,13802852","0,0413802852","0,005379437077",19/10/2025,09:30,99
P05,3648549,170,"-11,9894795","-56,9005262",Licurana,Aparisthmium cordatum,Euphorbiaceae,"licurana, sangra-d'água (MT)",https://photos.app.goo.gl/xZCXQoQa54MnHffE7,"18,00","6,5","5,729577951","2,864788976","0,02864788976","0,002578310078",19/10/2025,09:31,100
P05,3648550,171,"-11,989852","-56,9005528",Licurana,Aparisthmium cordatum,Euphorbiaceae,"licurana, sangra-d'água (MT)",https://photos.app.goo.gl/xZCXQoQa54MnHffE7,"22,00",6,"7,002817496","3,501408748","0,03501408748","0,003851549623",19/10/2025,09:32,101
P05,3648551,172,"-11,9898314","-56,9005892",Licurana,Aparisthmium cordatum,Euphorbiaceae,"licurana, sangra-d'água (MT)",https://photos.app.goo.gl/xZCXQoQa54MnHffE7,"18,00",5,"5,729577951","2,864788976","0,02864788976","0,002578310078",19/10/2025,09:32,102
P05,3648552,173,"-11,989825","-56,9006109",Embauba,Cecropia distachya,Urticaceae,embaúba,https://photos.app.goo.gl/Xx7tp2fyQUsUdfjPA,"40,00","11,5","12,73239545","6,366197724","0,06366197724","0,01273239545",19/10/2025,09:33,103
P05,3648786,174,"-11,9898526","-56,900659",Licurana,Aparisthmium cordatum,Euphorbiaceae,"licurana, sangra-d'água (MT)",https://photos.app.goo.gl/xZCXQoQa54MnHffE7,"20,00",7,"6,366197724","3,183098862","0,03183098862","0,003183098862",19/10/2025,09:34,104
P05,3648787,175,"-11,9897661","-56,9004538",tucaneira,Qualea paraensis,Vochysiaceae,quaruba,https://photos.app.goo.gl/TCgCzLVts9bxqDpm7,"170,00",26,"54,11268065","27,05634033","0,2705634033","0,2299788928",19/10/2025,09:34,105
P06,3648789,176,"-11,9866874","-56,9011105",guanandi,Calophyllum brasiliense,Calophyllaceae,guanandí,https://photos.app.goo.gl/yWMPoPZWgf694tou7,"112,00",15,"35,65070725","17,82535363","0,1782535363","0,09982198031",19/10/2025,11:12,106
P06,3648194,177,,,macuco,Palicourea guianensis,Rubiaceae,"macuco, borracheiro",https://photos.app.goo.gl/5pvi2LV57JKznr4t9,"20,00",5,"6,366197724","3,183098862","0,03183098862","0,003183098862",19/10/2025,11:13,107
P06,3648193,178,"-11,9863091","-56,9008651",peroba-amarela,Aspidosperma spruceanum,Apocynaceae,peroba-amarela,https://photos.app.goo.gl/2TdebSs3HTGfDrpq9,"30,00",9,"9,549296586","4,774648293","0,04774648293","0,007161972439",19/10/2025,11:14,108
P06,,179,"-11,9862877","-56,9009115",Licurana,Aparisthmium cordatum,Euphorbiaceae,"licurana, sangra-d'água (MT)",https://photos.app.goo.gl/xZCXQoQa54MnHffE7,"23,00","6,00","7,321127382","3,660563691","0,03660563691","0,004209648245",19/10/2025,11:20,109
P06,,179,"-11,9862877","-56,9009115",Licurana,Aparisthmium cordatum,Euphorbiaceae,"licurana, sangra-d'água (MT)",https://photos.app.goo.gl/xZCXQoQa54MnHffE7,"20,00","7,00","6,366197724","3,183098862","0,03183098862","0,003183098862",19/10/2025,11:20,109
P06,,179,"-11,9862877","-56,9009115",Licurana,Aparisthmium cordatum,Euphorbiaceae,"licurana, sangra-d'água (MT)",https://photos.app.goo.gl/xZCXQoQa54MnHffE7,"18,00","7,00","5,729577951","2,864788976","0,02864788976","0,002578310078",19/10/2025,11:20,109
P06,3648255,180,"-11,9862957","-56,9009139",Licurana,Aparisthmium cordatum,Euphorbiaceae,"licurana, sangra-d'água (MT)",https://photos.app.goo.gl/xZCXQoQa54MnHffE7,"22,00",7,"7,002817496","3,501408748","0,03501408748","0,003851549623",19/10/2025,11:21,110
P06,3648256,181,"-11,9862958","-56,9009027",macuco,Palicourea guianensis,Rubiaceae,"macuco, borracheiro",https://photos.app.goo.gl/5pvi2LV57JKznr4t9,"16,00",7,"5,092958179","2,546479089","0,02546479089","0,002037183272",19/10/2025,11:21,111
P06,3648338,182,"-11,9862928","-56,9009086",Licurana,Aparisthmium cordatum,Euphorbiaceae,"licurana, sangra-d'água (MT)",https://photos.app.goo.gl/xZCXQoQa54MnHffE7,"25,00","7,50","7,957747155","3,978873577","0,03978873577","0,004973591972",19/10/2025,11:22,112
P06,3648338,182,"-11,9862928","-56,9009086",Licurana,Aparisthmium cordatum,Euphorbiaceae,"licurana, sangra-d'água (MT)",https://photos.app.goo.gl/xZCXQoQa54MnHffE7,"19,00","6,00","6,047887837","3,023943919","0,03023943919","0,002872746723",19/10/2025,11:22,112
P06,3648195,183,"-11,9862981","-56,9008996",bacupari,Garcinia cf. kaiabiana,Clusiaceae,bacupari,https://photos.app.goo.gl/G8YLa8k4Aq4tp8hc7,"28,00",6,"8,912676813","4,456338407","0,04456338407","0,006238873769",19/10/2025,11:23,113
P06,3648337,184,"-11,9860304","-56,9008986",Abiu-farinha,Ecclinusa ramiflora,Sapotaceae,"guaraitá, fruta-pão (MT)",https://photos.app.goo.gl/6RcfBfXsgeEiG3Q78,"20,00",7,"6,366197724","3,183098862","0,03183098862","0,003183098862",19/10/2025,11:28,114
P06,3648336,185,"-11,9862455","-56,901067",Embauba,Cecropia distachya,Urticaceae,embaúba,https://photos.app.goo.gl/Xx7tp2fyQUsUdfjPA,"50,00",13,"15,91549431","7,957747155","0,07957747155","0,01989436789",19/10/2025,11:29,115
P06,3648253,186,"-11,9862434","-56,9009968",Embauba,Cecropia distachya,Urticaceae,embaúba,https://photos.app.goo.gl/Xx7tp2fyQUsUdfjPA,"47,00",15,"14,96056465","7,480282325","0,07480282325","0,01757866346",19/10/2025,11:31,116
P06,3648335,187,"-11,986147","-56,9010755",Embauba,Cecropia distachya,Urticaceae,embaúba,https://photos.app.goo.gl/Xx7tp2fyQUsUdfjPA,"51,00",14,"16,2338042","8,116902098","0,08116902098","0,02069810035",19/10/2025,11:31,117
P06,,188,"-11,9861666","-56,9011158",peroba-amarela,Aspidosperma spruceanum,Apocynaceae,peroba-amarela,https://photos.app.goo.gl/2TdebSs3HTGfDrpq9,"40,00",9,"12,73239545","6,366197724","0,06366197724","0,01273239545",19/10/2025,11:32,118
P06,3649447,189,"-11,9861799","-56,9010573",Licurana,Aparisthmium cordatum,Euphorbiaceae,"licurana, sangra-d'água (MT)",https://photos.app.goo.gl/xZCXQoQa54MnHffE7,"35,00","7,5","11,14084602","5,570423008","0,05570423008","0,009748240264",19/10/2025,11:33,119
P06,3648791,190,,,Licurana,Aparisthmium cordatum,Euphorbiaceae,"licurana, sangra-d'água (MT)",https://photos.app.goo.gl/xZCXQoQa54MnHffE7,"26,00",8,"8,276057041","4,13802852","0,0413802852","0,005379437077",19/10/2025,11:34,120
P06,3648790,191,"-11,9862323","-56,9008983",Licurana,Aparisthmium cordatum,Euphorbiaceae,"licurana, sangra-d'água (MT)",https://photos.app.goo.gl/xZCXQoQa54MnHffE7,"27,00",9,"8,594366927","4,297183463","0,04297183463","0,005801197676",19/10/2025,11:35,121
P06,3649446,192,"-11,9863011","-56,9008588",Licurana,Aparisthmium cordatum,Euphorbiaceae,"licurana, sangra-d'água (MT)",https://photos.app.goo.gl/xZCXQoQa54MnHffE7,"26,00",9,"8,276057041","4,13802852","0,0413802852","0,005379437077",19/10/2025,11:36,122
P06,3648785,193,"-11,9862243","-56,9009169",Licurana,Aparisthmium cordatum,Euphorbiaceae,"licurana, sangra-d'água (MT)",https://photos.app.goo.gl/xZCXQoQa54MnHffE7,"20,00",9,"6,366197724","3,183098862","0,03183098862","0,003183098862",19/10/2025,11:37,123
P06,3648784,194,"-11,9866174","-56,9003281",peroba-amarela,Aspidosperma spruceanum,Apocynaceae,peroba-amarela,https://photos.app.goo.gl/2TdebSs3HTGfDrpq9,"26,00",8,"8,276057041","4,13802852","0,0413802852","0,005379437077",19/10/2025,11:38,124
P06,3648257,195,"-11,9862292","-56,9009009",Licurana,Aparisthmium cordatum,Euphorbiaceae,"licurana, sangra-d'água (MT)",https://photos.app.goo.gl/xZCXQoQa54MnHffE7,"30,00","9,00","9,549296586","4,774648293","0,04774648293","0,007161972439",19/10/2025,11:38,125
P06,3648257,195,"-11,9862292","-56,9009009",Licurana,Aparisthmium cordatum,Euphorbiaceae,"licurana, sangra-d'água (MT)",https://photos.app.goo.gl/xZCXQoQa54MnHffE7,"22,00","9,00","7,002817496","3,501408748","0,03501408748","0,003851549623",19/10/2025,11:38,125
P06,3648794,196,"-11,9862168","-56,9007168",peroba-amarela,Aspidosperma spruceanum,Apocynaceae,peroba-amarela,https://photos.app.goo.gl/2TdebSs3HTGfDrpq9,"47,00",13,"14,96056465","7,480282325","0,07480282325","0,01757866346",19/10/2025,11:40,126
P06,3648256,197,"-11,9863761","-56,9012638",Corrupixá-couro-de-sapo,Pseudolmedia macrophylla,Moraceae,corrupixá-couro-de-sapo,https://photos.app.goo.gl/mPXL29N9N9M1rSmf6,"36,00",8,"11,4591559","5,729577951","0,05729577951","0,01031324031",19/10/2025,11:50,127
P06,3649451,198,"-11,9862856","-56,9008565",Corrupixá-couro-de-sapo,Pseudolmedia macrophylla,Moraceae,corrupixá-couro-de-sapo,https://photos.app.goo.gl/mPXL29N9N9M1rSmf6,"96,00",21,"30,55774907","15,27887454","0,1527887454","0,07333859778",19/10/2025,11:56,128
P06,3848271,199,"-11,988782","-56,8932648",seringueira,Hevea brasiliensis,Euphorbiaceae,seringueira,https://photos.app.goo.gl/WeXMjgUEN3mdZCv87,"170,00",22,"54,11268065","27,05634033","0,2705634033","0,2299788928",19/10/2025,14:17,129
P07,3648793,200,"-11,9888699","-56,8930886",freijó,Cordia exaltata,Cordiaceae,freijó,https://photos.app.goo.gl/3LyMbJuSLoKhr4sg8,"33,00",9,"10,50422624","5,252113122","0,05252113122","0,008665986651",19/10/2025,14:20,130
P07,3647846,201,"-11,9889338","-56,8931472",Canela-embira,Guatteria foliosa,Annonaceae,embira,https://photos.app.goo.gl/xxJgvotNotSDpjrW7,"29,00",9,"9,230986699","4,61549335","0,0461549335","0,006692465357",19/10/2025,14:24,131
P07,3647847,202,"-11,9886729","-56,893231",catigua-garapa,Trichilia inaequilatera,Meliaceae,maraximbé-vermelho,https://photos.app.goo.gl/17oxtaUjLCRnV6n6A,"120,00",14,"38,19718634","19,09859317","0,1909859317","0,114591559",19/10/2025,14:31,132
P07,3647848,203,"-11,9888941","-56,8931617",pixirica-de-anta,Miconia egensis,Melastomataceae,pixirica-de-anta,https://photos.app.goo.gl/meqar7XztmHB7TuE9,"20,00",5,"6,366197724","3,183098862","0,03183098862","0,003183098862",19/10/2025,14:36,133
P07,3648555,204,"-11,9891688","-56,8930001",camboata-preto,Talisia retusa,Sapindaceae,pitomba,https://photos.app.goo.gl/Epc1a3VcRvGXztLb6,"95,00",14,"30,23943919","15,11971959","0,1511971959","0,07181866807",19/10/2025,14:40,134
P07,3647850,205,"-11,9888691","-56,8932576",almecegueira,Trattinnickia rhoifolia,Burseraceae,morcegueira,https://photos.app.goo.gl/9DZHTm1yp1JHoMdVA,"130,00",20,"41,3802852","20,6901426","0,206901426","0,1344859269",19/10/2025,14:50,135